FCID,Lane,SampleID,SampleRef,Index,Description,Control,Recipe,Operator,SampleProject
C8KJMANXX,2,16603,PCa-420_OCT,CGATGT,JacquesSimard,N,PE-100-V4,MT_SD,20160608-FRAV-001
C8KJMANXX,2,16604,PCa-421_BP7_OCT,TGACCA,JacquesSimard,N,PE-100-V4,MT_SD,20160608-FRAV-001
C8KJMANXX,2,16605,PCa-420_SF,ACAGTG,JacquesSimard,N,PE-100-V4,MT_SD,20160608-FRAV-001
C8KJMANXX,2,16606,PCa-421_BP2_SF,GCCAAT,JacquesSimard,N,PE-100-V4,MT_SD,20160608-FRAV-001
C8KJMANXX,2,16607,PCa-422_OCT,CAGATC,JacquesSimard,N,PE-100-V4,MT_SD,20160608-FRAV-001
C8KJMANXX,2,16608,PCa-421_BP1_SF,CTTGTA,JacquesSimard,N,PE-100-V4,MT_SD,20160608-FRAV-001
C8KJMANXX,2,16609,PCa-421_BP3_SF,CCGTCC,JacquesSimard,N,PE-100-V4,MT_SD,20160608-FRAV-001
C8KJMANXX,2,16610,PCa-422_SF,GTGAAA,JacquesSimard,N,PE-100-V4,MT_SD,20160608-FRAV-001
C8KJMANXX,2,16608-R1,PCa-421_BP1_SF,AGTTCC,JacquesSimard,N,PE-100-V4,MT_SD,20160608-FRAV-001
C8KJMANXX,2,16608-R2,PCa-421_BP1_SF,GTCCGC,JacquesSimard,N,PE-100-V4,MT_SD,20160608-FRAV-001
